step,elapsed_tokens,elapsed_examples,training_loss,training_sequence_accuracy,training_token_accuracy
1,9,1,1.886173722147941,0.0,0.3333333333333333
2,18,2,2.7399059039354325,0.0,0.25
3,27,3,2.311728156208992,0.0,0.25
4,36,4,1.0304997611045836,0.0,0.6666666666666666
5,45,5,0.8575778013467789,0.0,0.6666666666666666
6,54,6,1.467130055129528,0.0,0.5
7,63,7,0.6976905170083046,0.0,0.6666666666666666
8,72,8,1.3589919856190682,0.0,0.75
9,81,9,0.6835880219936371,0.0,0.6666666666666666
